Post Content,Image URL,Date/Time,Account ID,First Comment,Tags
"When employee experience improves, business results follow: one energy company unlocked an estimated $2M–$6M……
#EmployeeExperience #DigitalWorkplace #Productivity #Transformation
https://www.synozur.com/case-studies/energy-company-reinvents-employee-expereince-and-effectiveness","https://static.wixstatic.com/media/b805ce_d48bad9f6faa40e58e764f1ead186a5a~mv2.jpg/v1/fill/w_2000,h_1333,al_c,q_90/Ofc17_Truck_Sonia_001.jpg","","1761680","","EmployeeExperience;DigitalWorkplace;Productivity;Transformation"
"Moving from scattered AI experiments to governed, measurable outcomes can unlock real value: this PE portfolio company saw estimated……
#AITransformation #PrivateEquity #BusinessOutcomes
https://www.synozur.com/case-studies/ai-transformation-at-a-private-equity-portfolio-company","https://static.wixstatic.com/media/b805ce_216de3dbbef94823a2eecb2d3a72bf2b~mv2.jpg/v1/fill/w_2172,h_1313,al_c,q_90/AdobeStock_151524961Small.jpg","","1761680","","AITransformation;PrivateEquity;BusinessOutcomes"
"Employee experience is not a soft metric. It has real operational and financial impact.

In one recent engagement, a North American energy company with 12,000+ employees faced a familiar challenge: outdated internal tools, low engagement, and too much time lost searching for information.

Synozur helped reimagine the experience by mapping the employee journey, identifying friction points, and designing more relevant tools, content, and communication pathways around how people actually work.

The result: an estimated $2.0M–$6.0M in annual productivity gains driven by reduced search time, more streamlined internal communications, and stronger employee engagement.

When organizations make it easier for people to find what they need, understand what matters, and stay connected, effectiveness improves across the business.

If you’re looking at employee experience, intranet modernization, or internal communications strategy, this case study shows what thoughtful, people-centered transformation can deliver.

Read more: https://www.synozur.com/case-studies/energy-company-reinvents-employee-expereince-and-effectiveness
#EmployeeExperience #InternalCommunications #DigitalTransformation #Productivity #ChangeManagement
https://www.synozur.com/case-studies/energy-company-reinvents-employee-expereince-and-effectiveness","https://static.wixstatic.com/media/b805ce_d48bad9f6faa40e58e764f1ead186a5a~mv2.jpg/v1/fill/w_2000,h_1333,al_c,q_90/Ofc17_Truck_Sonia_001.jpg","","1761682","","EmployeeExperience;InternalCommunications;DigitalTransformation;Productivity;ChangeManagement"
"When employee experience breaks down, productivity and engagement usually follow.

A North American energy company came to Synozur with a challenge many large organizations know well: outdated intranet tools, hard-to-find information, and communications that weren’t reaching people in meaningful ways. With 12,000+ employees, even small friction points added up fast.

By mapping the employee journey and redesigning the experience around what people actually needed, the organization improved access to relevant tools and information—and unlocked an estimated $2.0M–$6.0M in annual productivity gains.

It’s a strong reminder that better employee experience is not just a culture initiative. It’s a business outcome.

Where are your teams losing time today because the digital experience isn’t working for them? Read the case study: https://www.synozur.com/case-studies/energy-company-reinvents-employee-expereince-and-effectiveness
#EmployeeExperience #DigitalTransformation #WorkplaceStrategy #InternalCommunications #BusinessOutcomes
https://www.synozur.com/case-studies/energy-company-reinvents-employee-expereince-and-effectiveness","https://static.wixstatic.com/media/b805ce_d48bad9f6faa40e58e764f1ead186a5a~mv2.jpg/v1/fill/w_2000,h_1333,al_c,q_90/Ofc17_Truck_Sonia_001.jpg","","1764931","","EmployeeExperience;DigitalTransformation;WorkplaceStrategy;InternalCommunications;BusinessOutcomes"
"What happens when 12,000+ employees can finally find the information, tools, and support they need to do their jobs well?

For one North American energy company, the answer was a meaningful reinvention of employee experience.

Facing low engagement, outdated internal tools, and friction in day-to-day communication, they partnered with Synozur to take a more human-centered approach. We mapped the employee journey, identified where the experience was breaking down, and helped redesign access to relevant tools and information around real employee needs.

The outcome was more than a better intranet. It was a more effective digital workplace built to reduce search time, streamline internal communications, and improve engagement at scale.

Estimated impact: $2.0M–$6.0M in annual productivity gains.

When employee experience improves, business results follow.

Read the full case study here: https://www.synozur.com/case-studies/energy-company-reinvents-employee-expereince-and-effectiveness
#EmployeeExperience #DigitalWorkplace #BusinessTransformation #InternalCommunications #FutureOfWork
https://www.synozur.com/case-studies/energy-company-reinvents-employee-expereince-and-effectiveness","https://static.wixstatic.com/media/b805ce_d48bad9f6faa40e58e764f1ead186a5a~mv2.jpg/v1/fill/w_2000,h_1333,al_c,q_90/Ofc17_Truck_Sonia_001.jpg","","2383354","","EmployeeExperience;DigitalWorkplace;BusinessTransformation;InternalCommunications;FutureOfWork"
"AI transformation creates value when it moves beyond isolated experiments and into governed, business-aligned execution.

In one recent private equity portfolio company engagement, Synozur helped a financial services organization turn scattered AI activity into a focused roadmap built around real documents, real workflows, and measurable outcomes.

The work centered on three priorities:
• identifying and prioritizing the right AI use cases
• establishing a practical governance model
• upskilling leaders and makers through a multi-tool curriculum

The result: an estimated $250K–$500K in annual cost savings and $500K–$1.0M+ in EBITDA uplift.

What made the difference wasn’t hype. It was clarity, discipline, and a people-centered approach to adoption.

For private equity leaders and portfolio operators, this is the real opportunity with AI: faster decision-making, less duplicated analysis, and better execution across leadership and operations.

If your organization is trying to turn AI interest into tangible business results, this case study offers a practical example of what that can look like. Read more here: https://www.synozur.com/case-studies/ai-transformation-at-a-private-equity-portfolio-company
#AITransformation #PrivateEquity #BusinessTransformation #DigitalStrategy #OperationalExcellence
https://www.synozur.com/case-studies/ai-transformation-at-a-private-equity-portfolio-company","https://static.wixstatic.com/media/b805ce_216de3dbbef94823a2eecb2d3a72bf2b~mv2.jpg/v1/fill/w_2172,h_1313,al_c,q_90/AdobeStock_151524961Small.jpg","","1761682","","AITransformation;PrivateEquity;BusinessTransformation;DigitalStrategy;OperationalExcellence"
"AI value doesn’t come from scattered experiments. It comes from clear priorities, practical governance, and a team that knows how to turn ideas into outcomes.

In this private equity portfolio company case study, Synozur helped a financial-services organization move from disconnected AI activity to an enterprise approach grounded in real workflows, measurable use cases, and leadership alignment. The result: an estimated $250K–$500K in annual cost savings and $500K–$1.0M+ in EBITDA uplift.

What stands out to us is simple: when AI strategy is tied to business discipline, better decisions follow. Teams reduce duplicated analysis, improve execution, and create momentum that lasts.

If your organization is exploring AI, are you still experimenting—or are you building for measurable impact?

Read the full case study: https://www.synozur.com/case-studies/ai-transformation-at-a-private-equity-portfolio-company
#AITransformation #PrivateEquity #BusinessStrategy #DigitalTransformation #OperationalExcellence
https://www.synozur.com/case-studies/ai-transformation-at-a-private-equity-portfolio-company","https://static.wixstatic.com/media/b805ce_216de3dbbef94823a2eecb2d3a72bf2b~mv2.jpg/v1/fill/w_2172,h_1313,al_c,q_90/AdobeStock_151524961Small.jpg","","1764931","","AITransformation;PrivateEquity;BusinessStrategy;DigitalTransformation;OperationalExcellence"
"AI value doesn’t come from scattered experiments. It comes from focus, governance, and execution.

In one private equity portfolio company, Synozur helped leadership move from disconnected AI activity to a practical, enterprise-ready approach built around real business outcomes. We worked from actual documents and workflows, prioritized the most valuable use cases, established a governance model, and upskilled both leaders and makers through a multi-tool curriculum.

The result was measurable impact: an estimated $250K–$500K in annual cost savings and $500K–$1.0M+ in EBITDA uplift.

What changed?

Smarter decision-making.
Less duplicated analysis.
Stronger execution discipline across leadership and operations.

This is what AI transformation should look like: tailored to the business, grounded in real work, and designed to create results people can actually sustain.

If your organization is trying to turn AI momentum into measurable value, this case study offers a practical example of what that journey can look like.

Read more: https://www.synozur.com/case-studies/ai-transformation-at-a-private-equity-portfolio-company
#AITransformation #PrivateEquity #BusinessStrategy #DigitalTransformation #Leadership
https://www.synozur.com/case-studies/ai-transformation-at-a-private-equity-portfolio-company","https://static.wixstatic.com/media/b805ce_216de3dbbef94823a2eecb2d3a72bf2b~mv2.jpg/v1/fill/w_2172,h_1313,al_c,q_90/AdobeStock_151524961Small.jpg","","2383354","","AITransformation;PrivateEquity;BusinessStrategy;DigitalTransformation;Leadership"
"AI momentum means very little without the governance to support it.

In one recent private equity engagement, Synozur helped a firm accelerate AI readiness while also strengthening the foundations that make adoption sustainable: governance, security, and executive alignment.

That balance matters.

For private equity leaders, the opportunity is not just to move quickly. It is to move with clarity across the portfolio, reduce risk, and make sure AI investments connect to real business outcomes.

Our approach focused on turning urgency into a practical roadmap—aligning leadership, identifying where AI could create value, and putting the right guardrails in place from the start.

The result: faster progress, stronger confidence, and a path that was tailored to the firm’s unique needs.

If your organization is trying to advance AI without creating new governance gaps, this case study offers a useful example of what that can look like in practice.

Read more: https://www.synozur.com/case-studies/ai-%26-governance-acceleration-for-private-equity
#AIReadiness #AIGovernance #PrivateEquity #DigitalTransformation #ExecutiveAlignment
https://www.synozur.com/case-studies/ai-%26-governance-acceleration-for-private-equity","https://static.wixstatic.com/media/b805ce_a67e17e43687429ebb2e6bffe60af815~mv2.jpeg/v1/fill/w_6627,h_4418,al_c,q_90/AdobeStock_502007078.jpeg","","1761682","","AIReadiness;AIGovernance;PrivateEquity;DigitalTransformation;ExecutiveAlignment"
"AI adoption moves faster when governance, security, and executive alignment move with it. See how Synozur helped a PE firm……
#AIReadiness #PrivateEquity #AIGovernance #ExecutiveAlignment
https://www.synozur.com/case-studies/ai-%26-governance-acceleration-for-private-equity","https://static.wixstatic.com/media/b805ce_a67e17e43687429ebb2e6bffe60af815~mv2.jpeg/v1/fill/w_6627,h_4418,al_c,q_90/AdobeStock_502007078.jpeg","","1761680","","AIReadiness;PrivateEquity;AIGovernance;ExecutiveAlignment"
"AI momentum means very little without the governance to support it.

In this client story, a private equity firm partnered with Synozur to accelerate AI readiness while also strengthening security, governance, and executive alignment. That balance matters. When leadership teams move quickly with clarity, they can explore AI opportunities with more confidence and reduce the risk of fragmented decisions.

What stands out to us is that successful AI transformation is never just about technology. It’s about aligning people, priorities, and practical next steps so progress is measurable and sustainable.

If your organization is trying to move faster on AI without losing sight of governance and business outcomes, this is a useful example of what that can look like in practice.

Read the case study here: https://www.synozur.com/case-studies/ai-%26-governance-acceleration-for-private-equity
#AIReadiness #AIGovernance #PrivateEquity #DigitalTransformation #ExecutiveAlignment
https://www.synozur.com/case-studies/ai-%26-governance-acceleration-for-private-equity","https://static.wixstatic.com/media/b805ce_a67e17e43687429ebb2e6bffe60af815~mv2.jpeg/v1/fill/w_6627,h_4418,al_c,q_90/AdobeStock_502007078.jpeg","","1764931","","AIReadiness;AIGovernance;PrivateEquity;DigitalTransformation;ExecutiveAlignment"
"AI momentum means little without governance, security, and executive alignment.

That was the challenge facing a private equity firm that needed to move quickly while still building the right foundation. Synozur partnered with their team to accelerate AI readiness in a way that was practical, responsible, and tied to real business outcomes.

The work focused on more than just AI ambition. It brought leadership together around clear priorities, strengthened governance, addressed security considerations, and created a path forward that balanced speed with confidence.

For private equity leaders, this is the real opportunity: not just adopting AI, but doing it in a way that supports portfolio value, reduces risk, and helps teams move with clarity.

At Synozur, we believe transformation works best when it is tailored to your context, grounded in empathy, and designed for measurable progress.

Read the case study here: https://www.synozur.com/case-studies/ai-%26-governance-acceleration-for-private-equity
#PrivateEquity #AIStrategy #AIGovernance #DigitalTransformation #ExecutiveAlignment
https://www.synozur.com/case-studies/ai-%26-governance-acceleration-for-private-equity","https://static.wixstatic.com/media/b805ce_a67e17e43687429ebb2e6bffe60af815~mv2.jpeg/v1/fill/w_6627,h_4418,al_c,q_90/AdobeStock_502007078.jpeg","","2383354","","PrivateEquity;AIStrategy;AIGovernance;DigitalTransformation;ExecutiveAlignment"
"Bringing an AI product to market takes more than a strong idea.

It takes clear positioning, focused product leadership, aligned sales motion, and the right go-to-market strategy to turn momentum into measurable results.

In one recent client engagement, Synozur partnered with a leading AI ISV that had built an app for generative AI systems like Microsoft Copilot to connect disconnected content. We provided fractional product and marketing leadership to sharpen messaging, refine app design, shape the go-to-market plan, recruit sales leadership, and mentor the internal team through launch.

The outcome: an estimated $0.8M–$1.2M in incremental revenue over 12–24 months, plus $250K–$500K in cost avoidance.

For growing software companies, this is the value of tailored, outcome-focused advisory support: faster execution, clearer market stories, and stronger early-stage conversion.

If you’re preparing to launch, reposition, or accelerate an AI offering, this case study shows what focused go-to-market leadership can unlock.

Read more: https://www.synozur.com/case-studies/accelerating-go-to-market-for-a-leading-ai-isv
#GoToMarket #AITransformation #ProductMarketing #B2BMarketing #MicrosoftEcosystem
https://www.synozur.com/case-studies/accelerating-go-to-market-for-a-leading-ai-isv","https://static.wixstatic.com/media/b805ce_03dd23de63224d67a613ec1398ab3143~mv2.jpeg/v1/fill/w_6720,h_4480,al_c,q_90/AdobeStock_456986840.jpeg","","1761682","","GoToMarket;AITransformation;ProductMarketing;B2BMarketing;MicrosoftEcosystem"
"Clear positioning and faster GTM execution helped an AI ISV unlock an estimated $0.8M-$1.2M in revenue. See how:…
#GoToMarket #AIStrategy #ProductMarketing
https://www.synozur.com/case-studies/accelerating-go-to-market-for-a-leading-ai-isv","https://static.wixstatic.com/media/b805ce_03dd23de63224d67a613ec1398ab3143~mv2.jpeg/v1/fill/w_6720,h_4480,al_c,q_90/AdobeStock_456986840.jpeg","","1761680","","GoToMarket;AIStrategy;ProductMarketing"
"When a leading AI ISV needed to bring a new generative AI app to market, they didn’t need more noise. They needed clear positioning, practical leadership, and a go-to-market strategy that could move quickly.

Synozur stepped in with fractional product and marketing leadership to help shape new messaging, refine app design, strengthen launch plans, recruit sales leadership, and mentor the internal team. The outcome: faster execution, stronger early-stage conversion, and an estimated $0.8M–$1.2M in incremental revenue over 12–24 months, along with $250K–$500K in cost avoidance.

It’s a strong example of what happens when strategy, product, and go-to-market work together around real business outcomes.

If your team is building an AI offering and needs a clearer path from product vision to market traction, this story is worth a read: https://www.synozur.com/case-studies/accelerating-go-to-market-for-a-leading-ai-isv

What’s the biggest go-to-market challenge your team is facing right now?
#GoToMarket #AIStrategy #ProductLeadership #B2BMarketing #DigitalTransformation
https://www.synozur.com/case-studies/accelerating-go-to-market-for-a-leading-ai-isv","https://static.wixstatic.com/media/b805ce_03dd23de63224d67a613ec1398ab3143~mv2.jpeg/v1/fill/w_6720,h_4480,al_c,q_90/AdobeStock_456986840.jpeg","","1764931","","GoToMarket;AIStrategy;ProductLeadership;B2BMarketing;DigitalTransformation"
"When a strong product is ready for market, clarity and speed matter.

We partnered with a leading AI ISV that had built an app connecting disconnected content into generative AI experiences like Microsoft Copilot. The opportunity was clear, but turning that innovation into market momentum required the right story, design, and go-to-market focus.

Synozur stepped in with fractional product and marketing leadership to help shape sharper messaging, new app designs, and a strategic launch plan. We also supported sales leadership recruiting and team mentoring to help the organization move with confidence.

The outcome: an estimated $0.8M–$1.2M in incremental revenue over 12–24 months, plus $250K–$500K in cost avoidance through faster execution, clearer positioning, and stronger early-stage conversion.

For growing AI companies, go-to-market success is rarely about doing more. It’s about aligning product, message, and leadership around the outcomes that matter most.

Read the case study here: https://www.synozur.com/case-studies/accelerating-go-to-market-for-a-leading-ai-isv
#GoToMarket #AITransformation #ProductMarketing #B2BGrowth #MicrosoftCopilot
https://www.synozur.com/case-studies/accelerating-go-to-market-for-a-leading-ai-isv","https://static.wixstatic.com/media/b805ce_03dd23de63224d67a613ec1398ab3143~mv2.jpeg/v1/fill/w_6720,h_4480,al_c,q_90/AdobeStock_456986840.jpeg","","2383354","","GoToMarket;AITransformation;ProductMarketing;B2BGrowth;MicrosoftCopilot"
"What happens when annual planning stops being a one-time offsite and becomes a stronger management framework?

In one Microsoft engagement, Synozur helped a marketing team rethink how goals were set, how teams aligned, and how planning translated into action. The result was more than a better meeting structure.

It led to a more dynamic operating rhythm, improved cross-team alignment, faster marketing execution, and an estimated $0.5M–$1.0M in annual productivity cost avoidance. It also influenced additional multi-million-dollar revenue opportunities.

For leaders, this is the real value of management transformation: clearer priorities, better decision-making, and a cadence that helps teams move with focus.

There is no one-size-fits-all model for this work. The right framework has to fit your people, your culture, and the outcomes you need to achieve.

If your planning process feels heavy, disconnected, or hard to turn into results, this case study offers a practical example of what a tailored approach can unlock.

Read more here: https://www.synozur.com/case-studies/transforming-management-frameworks-at-microsoft
#ManagementTransformation #StrategicPlanning #BusinessTransformation #OperationalExcellence #LeadershipStrategy
https://www.synozur.com/case-studies/transforming-management-frameworks-at-microsoft","https://static.wixstatic.com/media/b805ce_759217ee0d84438089805ae72a743c3a~mv2.jpg/v1/fill/w_2000,h_1333,al_c,q_90/Win16a_BCN_Students2_Table_HPSpectrex360_01416.jpg","","1761682","","ManagementTransformation;StrategicPlanning;BusinessTransformation;OperationalExcellence;LeadershipStrategy"
"A stronger planning cadence can do more than streamline meetings—it can unlock major business value. See how Synozur……
#BusinessTransformation #LeadershipStrategy #Productivity #OperatingModel
https://www.synozur.com/case-studies/transforming-management-frameworks-at-microsoft","https://static.wixstatic.com/media/b805ce_759217ee0d84438089805ae72a743c3a~mv2.jpg/v1/fill/w_2000,h_1333,al_c,q_90/Win16a_BCN_Students2_Table_HPSpectrex360_01416.jpg","","1761680","","BusinessTransformation;LeadershipStrategy;Productivity;OperatingModel"
"What happens when an annual planning offsite becomes a true operating rhythm for the business?

In our work with one of Microsoft’s marketing teams, the goal was clear: move beyond static planning and build a more dynamic, effective management framework. By rethinking planning cadence, improving cross-team alignment, and creating a stronger path from strategy to execution, the team unlocked meaningful business value.

The impact: an estimated $0.5M–$1.0M in annual productivity cost avoidance, plus additional multi-million-dollar revenue influence driven by faster marketing execution and better coordination.

For leaders facing the same challenge, this is a useful reminder that better management systems are not just operational improvements. They create space for focus, speed, and innovation.

Could your planning process be doing more to support outcomes across your teams?

Read the case study: https://www.synozur.com/case-studies/transforming-management-frameworks-at-microsoft
#ManagementTransformation #StrategicAlignment #BusinessTransformation #OperationalExcellence
https://www.synozur.com/case-studies/transforming-management-frameworks-at-microsoft","https://static.wixstatic.com/media/b805ce_759217ee0d84438089805ae72a743c3a~mv2.jpg/v1/fill/w_2000,h_1333,al_c,q_90/Win16a_BCN_Students2_Table_HPSpectrex360_01416.jpg","","1764931","","ManagementTransformation;StrategicAlignment;BusinessTransformation;OperationalExcellence"
"What happens when annual planning stops being a meeting and starts becoming a management system?

For one Microsoft marketing team, that shift changed everything.

Synozur partnered with the team to redesign their annual planning offsite into a stronger management framework built for clearer goals, better alignment, and faster execution. The result was more than a better workshop. It created a more dynamic planning cadence, improved cross-team coordination, and helped the organization move from conversation to action.

The business impact was meaningful: an estimated $0.5M–$1.0M in annual productivity cost avoidance, along with additional multi-million-dollar revenue influence driven by better planning and faster marketing execution.

We believe transformation works best when it is practical, people-centered, and tied to real outcomes. This case study is a strong example of how the right management framework can improve productivity and create lasting momentum.

Read the full story here: https://www.synozur.com/case-studies/transforming-management-frameworks-at-microsoft
#BusinessTransformation #LeadershipStrategy #OperationalExcellence #ManagementFrameworks #FutureOfWork
https://www.synozur.com/case-studies/transforming-management-frameworks-at-microsoft","https://static.wixstatic.com/media/b805ce_759217ee0d84438089805ae72a743c3a~mv2.jpg/v1/fill/w_2000,h_1333,al_c,q_90/Win16a_BCN_Students2_Table_HPSpectrex360_01416.jpg","","2383354","","BusinessTransformation;LeadershipStrategy;OperationalExcellence;ManagementFrameworks;FutureOfWork"
"What does exceptional wine and transformative business strategy have in common? Both require vision, patience, and an unwavering commitment to craft.

We're proud to partner with Story Cellars, a Woodinville, Washington winery founded by pioneer winemaker Tim Oas in 2016. Tim's approach to winemaking mirrors our philosophy at Synozur: every bottle tells a unique story, crafted with intention and tailored to deliver something truly exceptional.

Our collaboration on the Velvet Vega Zin embodies this shared commitment. Just as Tim carefully selects each varietal and honors the terroir of Washington state, we work closely with our clients to understand their unique journey and craft strategies that bring out their best.

Transformation isn't about following a formula—it's about listening, understanding, and creating something meaningful together. Whether it's a perfectly balanced Zinfandel or a company operating system that unlocks growth, the result should reflect the people behind it.

We believe in Tim's vision and his dedication to excellence. That's why this partnership is more than business—it's a celebration of craft, culture, and the stories we build together.

Learn more about our partnership: https://www.synozur.com/case-studies/story-cellars
#Transformation #Partnership #CraftCulture #BusinessStrategy #WashingtonWine
https://www.synozur.com/case-studies/story-cellars","https://static.wixstatic.com/media/b805ce_7aa5db4e2dbc41eeb703c838bb75db8f~mv2.png/v1/fill/w_1500,h_970,al_c/IMG_4464.PNG","","1761682","","Transformation;Partnership;CraftCulture;BusinessStrategy;WashingtonWine"
"Proud to partner with Story Cellars—where craftsmanship meets culture. Tim Oas pioneers Washington state wines with authenticity and purpose. Read their story:…
#Transformation #Partnership #Craftsmanship #Leadership
https://www.synozur.com/case-studies/story-cellars","https://static.wixstatic.com/media/b805ce_7aa5db4e2dbc41eeb703c838bb75db8f~mv2.png/v1/fill/w_1500,h_970,al_c/IMG_4464.PNG","","1761680","","Transformation;Partnership;Craftsmanship;Leadership"
"Great partnerships are built on shared values and mutual respect—just like great wine.

When we met Tim Oas, founder of Story Cellars, we knew we'd found a kindred spirit. Tim's been pioneering Washington state wines from his Woodinville winery since 2016, and his approach to winemaking mirrors our own philosophy: thoughtful craft, deep care, and a commitment to authenticity.

Our collaboration on the Velvet Vega Zin has been a labor of love—proof that when you align vision with execution, something remarkable emerges.

At Synozur, we believe transformation happens when strategy meets culture. Whether it's a bottle of Zinfandel or a business initiative, the best outcomes come from partnerships rooted in trust and a shared North Star.

Learn more about our work with Story Cellars: https://www.synozur.com/case-studies/story-cellars

What partnerships have shaped your journey? We'd love to hear your story.
#Partnership #CraftAndCulture #Transformation #BusinessStrategy #Synozur
https://www.synozur.com/case-studies/story-cellars","https://static.wixstatic.com/media/b805ce_7aa5db4e2dbc41eeb703c838bb75db8f~mv2.png/v1/fill/w_1500,h_970,al_c/IMG_4464.PNG","","1764931","","Partnership;CraftAndCulture;Transformation;BusinessStrategy;Synozur"
"Great wine is about more than technique—it's about vision, craft, and the courage to do things differently.

That's exactly why we partnered with Story Cellars and winemaker Tim Oas. Since 2016, Tim has been pioneering Washington state wines from Woodinville with a distinctive approach that mirrors our own philosophy: thoughtful, tailored, and rooted in genuine partnership.

The Velvet Vega Zin isn't just a collaboration—it's a labor of love that reflects our shared values of excellence, authenticity, and innovation. Tim's commitment to crafting exceptional wine aligns perfectly with how we approach transformation: with empathy, expertise, and a focus on outcomes that matter.

When you choose partners who share your North Star, you create something truly remarkable.

Discover the story behind our partnership: https://www.synozur.com/case-studies/story-cellars
#Partnership #CraftAndCulture #Innovation #Transformation
https://www.synozur.com/case-studies/story-cellars","https://static.wixstatic.com/media/b805ce_7aa5db4e2dbc41eeb703c838bb75db8f~mv2.png/v1/fill/w_1500,h_970,al_c/IMG_4464.PNG","","2383354","","Partnership;CraftAndCulture;Innovation;Transformation"
"Growth can expose the limits of a management model that once worked.

In our work with a thriving North American luxury manufacturer, the challenge wasn’t a lack of ambition. It was the growing friction that comes when leadership, decision-making, and operating rhythms haven’t scaled with the business.

Synozur helped the client implement a tailored Company Operating System designed to bring more structure, clarity, and accountability to how the organization operated. The result was a stronger management framework that improved leadership effectiveness, reduced internal friction, and helped the business move faster on both commercial and operational priorities.

The business impact was meaningful:
• Estimated $0.6M–$1.3M in annual cost savings
• $500K–$1.5M+ in revenue enablement
• Faster execution across key initiatives

For organizations in growth mode, transformation often starts with how leadership teams work together every day. When strategy, cadence, and accountability are aligned, better outcomes follow.

If your organization is scaling and feeling the strain, this case study offers a practical example of what a management makeover can unlock.

Read more: https://www.synozur.com/case-studies/management-makeover-at-a-luxury-brand
#LeadershipTransformation #BusinessTransformation #OperationalExcellence #ChangeManagement #GrowthStrategy
https://www.synozur.com/case-studies/management-makeover-at-a-luxury-brand","https://static.wixstatic.com/media/b805ce_3367a960d2474a518ab816eacdff0891~mv2.jpg/v1/fill/w_1067,h_760,al_c,q_85/CLO17_corporateOffice_021%20-cropped.jpg","","1761682","","LeadershipTransformation;BusinessTransformation;OperationalExcellence;ChangeManagement;GrowthStrategy"
"What happens when leadership gains a clear operating rhythm? For one luxury manufacturer: $0.6–$1.3M in annual savings and faster execution.……
#LeadershipTransformation #CompanyOS #BusinessTransformation
https://www.synozur.com/case-studies/management-makeover-at-a-luxury-brand","https://static.wixstatic.com/media/b805ce_3367a960d2474a518ab816eacdff0891~mv2.jpg/v1/fill/w_1067,h_760,al_c,q_85/CLO17_corporateOffice_021%20-cropped.jpg","","1761680","","LeadershipTransformation;CompanyOS;BusinessTransformation"
"Growth can expose cracks in even the strongest organizations. In our work with a North American luxury manufacturer, the challenge wasn’t a lack of ambition. It was the need for a stronger management framework to support scale.

Synozur helped design and introduce a tailored Company Operating System to bring more structure, alignment, and accountability to leadership. The result was a more effective operating rhythm, less internal friction, faster execution, and meaningful business impact: an estimated $0.6–$1.3M in annual cost savings and $500K–$1.5M+ in revenue enablement.

This is what transformation looks like when strategy connects clearly to day-to-day execution.

If your leadership team is growing faster than your operating model, what would change if everyone had a clearer rhythm for decisions and accountability?

Read the case study: https://www.synozur.com/case-studies/management-makeover-at-a-luxury-brand
#LeadershipTransformation #BusinessStrategy #OperationalExcellence #DigitalTransformation #ChangeManagement
https://www.synozur.com/case-studies/management-makeover-at-a-luxury-brand","https://static.wixstatic.com/media/b805ce_3367a960d2474a518ab816eacdff0891~mv2.jpg/v1/fill/w_1067,h_760,al_c,q_85/CLO17_corporateOffice_021%20-cropped.jpg","","1764931","","LeadershipTransformation;BusinessStrategy;OperationalExcellence;DigitalTransformation;ChangeManagement"
"Growth can expose every crack in a management system.

In one recent engagement, Synozur partnered with a thriving North American luxury manufacturer that had outgrown its existing operating model. The goal was clear: create a stronger Company Operating System that could support scale, improve leadership effectiveness, and reduce internal friction.

Our approach focused on bringing more structure, clarity, and accountability to how the business ran day to day. By helping leadership align around a more disciplined management framework, the organization was able to move faster on both commercial and operational priorities.

The business impact was meaningful: an estimated $0.6–$1.3M in annual cost savings, plus $500K–$1.5M+ in revenue enablement.

For leaders navigating growth, this is the real opportunity in transformation: not more noise, but a better operating rhythm that turns strategy into action.

If your organization is feeling the strain of scale, this case study is worth a look. Read more here: https://www.synozur.com/case-studies/management-makeover-at-a-luxury-brand
#CompanyOS #LeadershipTransformation #BusinessTransformation #OperationalExcellence #GrowthStrategy
https://www.synozur.com/case-studies/management-makeover-at-a-luxury-brand","https://static.wixstatic.com/media/b805ce_3367a960d2474a518ab816eacdff0891~mv2.jpg/v1/fill/w_1067,h_760,al_c,q_85/CLO17_corporateOffice_021%20-cropped.jpg","","2383354","","CompanyOS;LeadershipTransformation;BusinessTransformation;OperationalExcellence;GrowthStrategy"
"Go-to-market challenges rarely come from effort alone. More often, the issue is misalignment.

In this client engagement, a Microsoft-aligned software company partnered with Synozur to clarify its market story, sharpen its messaging, align more closely to Microsoft priorities, and strengthen partner engagement.

The result was a more focused go-to-market approach built around clearer positioning, stronger ecosystem alignment, and messaging that better connected product value to real business outcomes.

For software companies working in and around the Microsoft ecosystem, this is a common challenge:
• Your offer may be strong
• Your team may be capable
• But if your messaging, partner strategy, and market motion are not aligned, growth gets harder than it should be

That’s where tailored strategy matters. When positioning is clearer and partner engagement is stronger, teams can move with more confidence and purpose.

If you’re rethinking how your company shows up in the market, this case study offers a practical example of what aligned transformation can look like.

Read more: https://www.synozur.com/case-studies/go%E2%80%91to%E2%80%91market-transformation-for-a-microsoft%E2%80%91aligned-software-company
#GoToMarket #MicrosoftEcosystem #PartnerStrategy #B2BMarketing #BusinessTransformation
https://www.synozur.com/case-studies/go%E2%80%91to%E2%80%91market-transformation-for-a-microsoft%E2%80%91aligned-software-company","https://static.wixstatic.com/media/b805ce_03ce5f0a768b4717b69e003ba4760efa~mv2.jpeg/v1/fill/w_6240,h_4160,al_c,q_90/AdobeStock_249826261.jpeg","","1761682","","GoToMarket;MicrosoftEcosystem;PartnerStrategy;B2BMarketing;BusinessTransformation"
"When Microsoft alignment and messaging are out of sync, growth stalls. See how……
#GoToMarket #MicrosoftPartners #B2BMarketing #PartnerStrategy
https://www.synozur.com/case-studies/go%E2%80%91to%E2%80%91market-transformation-for-a-microsoft%E2%80%91aligned-software-company","https://static.wixstatic.com/media/b805ce_03ce5f0a768b4717b69e003ba4760efa~mv2.jpeg/v1/fill/w_6240,h_4160,al_c,q_90/AdobeStock_249826261.jpeg","","1761680","","GoToMarket;MicrosoftPartners;B2BMarketing;PartnerStrategy"
"When a Microsoft-aligned software company needed a clearer path to growth, they didn’t need more noise. They needed sharper positioning, stronger alignment to Microsoft, and a go-to-market approach built for real partner momentum.

That’s where Synozur came in.

We helped clarify the company’s message, strengthen its market story, and create better alignment between strategy, partner engagement, and business outcomes. The result was a more focused go-to-market foundation designed to support growth with clarity and confidence.

For organizations navigating similar challenges, this is a reminder that effective transformation starts with understanding your market, your partners, and the story you need to tell.

If your go-to-market approach feels fragmented, what would change if your messaging, partner strategy, and growth plan were fully aligned?

Read the case study: https://www.synozur.com/case-studies/go%E2%80%91to%E2%80%91market-transformation-for-a-microsoft%E2%80%91aligned-software-company
#GoToMarket #MicrosoftPartners #B2BMarketing #PartnerStrategy #BusinessTransformation
https://www.synozur.com/case-studies/go%E2%80%91to%E2%80%91market-transformation-for-a-microsoft%E2%80%91aligned-software-company","https://static.wixstatic.com/media/b805ce_03ce5f0a768b4717b69e003ba4760efa~mv2.jpeg/v1/fill/w_6240,h_4160,al_c,q_90/AdobeStock_249826261.jpeg","","1764931","","GoToMarket;MicrosoftPartners;B2BMarketing;PartnerStrategy;BusinessTransformation"
"When your product is strong but your market story is unclear, growth slows.

That was the challenge for a Microsoft-aligned software company that partnered with Synozur to sharpen its go-to-market strategy. Together, we clarified messaging, aligned the company more closely to Microsoft priorities, and strengthened partner engagement.

The result was more than better language. It created clearer market positioning, stronger internal alignment, and a more focused path to growth.

We see this often: teams know they have value, but they need a message and strategy that helps customers, partners, and sellers understand it quickly. That’s where thoughtful go-to-market transformation matters.

If your organization is trying to improve positioning, partner alignment, or market traction, this case study offers a practical example of how tailored strategy can make the desirable achievable.

Read more: https://www.synozur.com/case-studies/go%E2%80%91to%E2%80%91market-transformation-for-a-microsoft%E2%80%91aligned-software-company
#GoToMarket #MicrosoftPartner #B2BMarketing #BusinessTransformation #StrategicGrowth
https://www.synozur.com/case-studies/go%E2%80%91to%E2%80%91market-transformation-for-a-microsoft%E2%80%91aligned-software-company","https://static.wixstatic.com/media/b805ce_03ce5f0a768b4717b69e003ba4760efa~mv2.jpeg/v1/fill/w_6240,h_4160,al_c,q_90/AdobeStock_249826261.jpeg","","2383354","","GoToMarket;MicrosoftPartner;B2BMarketing;BusinessTransformation;StrategicGrowth"
"AI momentum is easy to talk about. Building real readiness is harder.

A leading education technology company partnered with Synozur to answer the questions many executive teams are facing right now:

• Where are we truly ready for AI?
• What risks do we need to address first?
• How do we align leadership around responsible adoption?
• What should the roadmap look like from here?

The result was not a generic AI conversation. It was a practical, leadership-aligned path forward grounded in business priorities, people needs, and measurable next steps.

That’s the difference between AI interest and AI readiness.

At Synozur, we believe successful transformation starts with clarity. When leaders share the same view of the opportunity, the risks, and the outcomes they want to achieve, AI becomes far more actionable.

If your organization is working to move from AI curiosity to a strategy you can trust, this case study offers a useful example of what that journey can look like.

Read more: https://www.synozur.com/case-studies/executive-ai-readiness-at-a-leading-education-technology-company
#AIReadiness #ExecutiveLeadership #ResponsibleAI #DigitalTransformation #BusinessStrategy
https://www.synozur.com/case-studies/executive-ai-readiness-at-a-leading-education-technology-company","https://static.wixstatic.com/media/b805ce_3c46f10e30d6494f9961c3c265212750~mv2.jpeg/v1/fill/w_5472,h_3204,al_c,q_90/AdobeStock_670678012.jpeg","","1761682","","AIReadiness;ExecutiveLeadership;ResponsibleAI;DigitalTransformation;BusinessStrategy"
"Responsible AI starts with leadership alignment and a practical roadmap. See how Synozur helped an education……
#AIReadiness #ResponsibleAI #LeadershipAlignment #EdTech
https://www.synozur.com/case-studies/executive-ai-readiness-at-a-leading-education-technology-company","https://static.wixstatic.com/media/b805ce_3c46f10e30d6494f9961c3c265212750~mv2.jpeg/v1/fill/w_5472,h_3204,al_c,q_90/AdobeStock_670678012.jpeg","","1761680","","AIReadiness;ResponsibleAI;LeadershipAlignment;EdTech"
"AI momentum means very little without leadership alignment, clear priorities, and a practical path forward.

In our work with a leading education technology company, Synozur helped assess executive AI readiness, align stakeholders around responsible adoption, and shape a roadmap grounded in real business needs. The goal was not to chase hype. It was to give leaders the clarity and confidence to move forward in a thoughtful, measurable way.

That’s what effective AI strategy looks like: understanding where you are, identifying what matters most, and building a tailored plan your people can actually use.

If your leadership team is asking where to begin with AI, this case study offers a helpful example of what readiness can look like in practice. Read more: https://www.synozur.com/case-studies/executive-ai-readiness-at-a-leading-education-technology-company

What does AI readiness mean for your organization right now?
#AIStrategy #AIReadiness #DigitalTransformation #LeadershipAlignment #ResponsibleAI
https://www.synozur.com/case-studies/executive-ai-readiness-at-a-leading-education-technology-company","https://static.wixstatic.com/media/b805ce_3c46f10e30d6494f9961c3c265212750~mv2.jpeg/v1/fill/w_5472,h_3204,al_c,q_90/AdobeStock_670678012.jpeg","","1764931","","AIStrategy;AIReadiness;DigitalTransformation;LeadershipAlignment;ResponsibleAI"
"AI readiness starts long before implementation.

A leading education technology company partnered with Synozur to answer a question many leadership teams are facing right now: Are we truly ready to adopt AI in a way that is practical, responsible, and aligned across the business?

Together, we helped assess organizational readiness, align executives around shared priorities, and define a clear roadmap for responsible AI adoption. The result was not a generic technology conversation. It was a focused strategy grounded in business value, governance, and the people who would ultimately bring that strategy to life.

That’s the difference between chasing AI hype and building real momentum. When leadership alignment, clear priorities, and responsible design come first, organizations are better positioned to move with confidence.

If your team is working through similar questions, this story offers a practical look at what executive AI readiness can look like in action.

Read more: https://www.synozur.com/case-studies/executive-ai-readiness-at-a-leading-education-technology-company
#AIReadiness #ExecutiveLeadership #DigitalTransformation #ResponsibleAI #BusinessStrategy
https://www.synozur.com/case-studies/executive-ai-readiness-at-a-leading-education-technology-company","https://static.wixstatic.com/media/b805ce_3c46f10e30d6494f9961c3c265212750~mv2.jpeg/v1/fill/w_5472,h_3204,al_c,q_90/AdobeStock_670678012.jpeg","","2383354","","AIReadiness;ExecutiveLeadership;DigitalTransformation;ResponsibleAI;BusinessStrategy"
"AI should make work easier, not create more noise, risk, or distrust.

That was the challenge a fast-growing strategic communications firm set out to solve when it partnered with Synozur. As the business scaled, teams were spending too much time searching for information, recreating work, and navigating disconnected tools. Leadership wanted to explore AI—but in a way that protected client trust and fit how people actually work.

The result was a people-first AI and knowledge transformation approach grounded in real workflows, clear governance, and practical use cases. By pairing AI strategy with Microsoft 365 enablement, the firm built a stronger foundation for research, drafting, collaboration, and knowledge discovery.

What changed?
• A clear AI strategy aligned to business needs
• Better knowledge sharing with less duplicate work
• More team confidence using AI responsibly
• A scalable path for continued innovation

For professional services firms, this is the real opportunity: use AI to support human expertise, not replace it.

If your organization is trying to move past the hype and build an AI strategy people will actually trust and use, this story is worth a read: https://www.synozur.com/case-studies/ai-and-knowledge-transformation-at-a-strategic-communications-firm
#AIStrategy #KnowledgeManagement #ProfessionalServices #Microsoft365 #DigitalTransformation
https://www.synozur.com/case-studies/ai-and-knowledge-transformation-at-a-strategic-communications-firm","https://static.wixstatic.com/media/b805ce_ac5ee1b33b6a4b34b7f0e6d0055de8fd~mv2.jpeg/v1/fill/w_6720,h_4480,al_c,q_90/AdobeStock_216576334.jpeg","","1761682","","AIStrategy;KnowledgeManagement;ProfessionalServices;Microsoft365;DigitalTransformation"
"AI works best when it reduces friction, strengthens trust, and fits how people already work. See……
#AITransformation #KnowledgeManagement #ProfessionalServices #Microsoft365
https://www.synozur.com/case-studies/ai-and-knowledge-transformation-at-a-strategic-communications-firm","https://static.wixstatic.com/media/b805ce_ac5ee1b33b6a4b34b7f0e6d0055de8fd~mv2.jpeg/v1/fill/w_6720,h_4480,al_c,q_90/AdobeStock_216576334.jpeg","","1761680","","AITransformation;KnowledgeManagement;ProfessionalServices;Microsoft365"
"AI should reduce friction, not add more noise.

In this case study, a fast-growing strategic communications firm partnered with Synozur to build an AI strategy that fit the way their people actually work. The focus wasn’t AI for its own sake. It was practical, people-first transformation: stronger governance, better knowledge sharing, less duplicate work, and more confidence using AI in a high-trust client environment.

By grounding the strategy in real workflows and pairing it with Microsoft 365 enablement, the firm created a scalable foundation for innovation without compromising culture or client trust.

That’s the kind of transformation that lasts: clear strategy, responsible adoption, and outcomes teams can feel in their day-to-day work.

What would make AI feel more like a support system in your organization?

Read the case study: https://www.synozur.com/case-studies/ai-and-knowledge-transformation-at-a-strategic-communications-firm
#AITransformation #KnowledgeManagement #Microsoft365 #FutureOfWork #ChangeManagement
https://www.synozur.com/case-studies/ai-and-knowledge-transformation-at-a-strategic-communications-firm","https://static.wixstatic.com/media/b805ce_ac5ee1b33b6a4b34b7f0e6d0055de8fd~mv2.jpeg/v1/fill/w_6720,h_4480,al_c,q_90/AdobeStock_216576334.jpeg","","1764931","","AITransformation;KnowledgeManagement;Microsoft365;FutureOfWork;ChangeManagement"
"AI should make work easier—not add noise, risk, or confusion.

That was the challenge facing a fast-growing strategic communications firm as it scaled. Teams were spending too much time searching for information, recreating work, and managing disconnected tools. Leadership wanted to explore AI, but in a way that protected client trust and fit how people actually work.

Our approach started with listening. From there, we helped shape a business-aligned AI strategy, establish governance, identify practical use cases for research and drafting, modernize knowledge management with Microsoft 365, and build confidence through targeted training.

The outcome wasn’t “AI for AI’s sake.” It was a people-first foundation for better knowledge flow, less duplicate work, and more confident adoption.

That’s the difference between introducing technology and creating meaningful transformation: strategy, clarity, and a real fit for your culture.

Read the full case study here: https://www.synozur.com/case-studies/ai-and-knowledge-transformation-at-a-strategic-communications-firm
#AIStrategy #KnowledgeManagement #DigitalTransformation #Microsoft365 #FutureOfWork
https://www.synozur.com/case-studies/ai-and-knowledge-transformation-at-a-strategic-communications-firm","https://static.wixstatic.com/media/b805ce_ac5ee1b33b6a4b34b7f0e6d0055de8fd~mv2.jpeg/v1/fill/w_6720,h_4480,al_c,q_90/AdobeStock_216576334.jpeg","","2383354","","AIStrategy;KnowledgeManagement;DigitalTransformation;Microsoft365;FutureOfWork"